IR0_cam,IR1_cam,IR2_cam,IR3_cam,IR0_meas,IR1_meas,IR2_meas,IR3_meas
6.2,0.2,8.2,28.2,733,963,474,172
6.2,0.2,8.2,28.21,800,963,442,171
6.38,0.29,8.41,28.7,891,963,450,173
8.3,2.26,6.29,26.43,728.5,961.5,554,176.5
8.2,2.2,6.2,26.21,566,960,658,179
12.57,3.09,3.09,14.2,214,958.5,953,309
22.52,0.27,6.34,14.43,232.5,968.5,700,293
22.43,0.25,6.3,14.37,232,968,700,293
22.52,0.27,6.34,14.43,232,968,700,293
17.58,0.41,6.62,14.89,232,968,700,293
19.62,0.37,6.55,14.78,246.5,969,633,293
17.58,0.41,6.62,14.89,247,969,633,293
15.66,0.45,6.7,15.03,246,969,633,293
8.53,0.81,7.41,16.22,232,963,784,306
6.04,1.16,8.12,17.4,336,961,552,249
5.93,1.18,8.17,17.48,371,960,533,243
5.66,1.24,8.29,17.68,371,960,533,243
5.99,1.17,8.14,17.44,372,960,533,243
6.4,1.09,7.98,17.17,372,960,533,243
6.35,1.1,8,17.2,313,962,561,254
6.87,1.01,7.83,16.91,313,962,561,254
6.87,1.01,7.83,16.91,309,962,563,255
6.4,1.09,7.98,17.17,309,962,563,255
6.4,1.09,7.98,17.17,309,962,563,255
5.59,1.26,8.32,17.73,319.5,962,556,253
6.83,1.02,7.84,16.93,319,962,556,252
6.83,1.02,7.84,16.93,319,962,556,252
6.83,1.02,7.84,16.93,319,962,556,253
5.99,1.17,8.14,17.44,319,962,556,252.5
5.99,1.17,8.14,17.44,319,962,556,252
6.47,1.08,7.96,17.13,319,962,556,252
6.35,1.1,8,17.2,309,962,561,255
7.38,0.94,7.68,16.66,309,962,561,255
6.4,1.09,7.98,17.17,309,962,561,255
6.83,1.02,7.84,16.93,309,962,561,254
-3.31,-2.43,7.66,33.99,309,962,561,255
7.38,0.94,7.68,16.66,302,962,565,256
6.35,1.1,8,17.2,302,962,565,256
7.38,0.94,7.68,16.66,302,962,565,256
6.83,1.02,7.84,16.93,302,962,565,256
11.03,3.29,7.84,14.66,255,959,670,271
11.03,3.29,7.84,14.66,255,960,671,271
11.03,3.29,5.57,14.66,236,957,778,284.5
11.09,3.28,5.55,14.64,236,957,778,284
21.53,0.51,8.92,15.23,236,957,778,284
17.81,6.56,4.69,15.19,219,654,956,293
17.81,6.56,4.69,15.19,219,654,956,293
21.71,2.94,2.45,16.21,212,878,960,304
21.71,2.94,2.45,16.21,212,878,960,304
14.23,2.21,14.23,12.23,212,878,960,304
8.53,0.81,18.42,16.22,344,962,269,242
7.91,0.87,18.67,16.44,344,963,269,242
7.94,0.87,18.65,16.43,345,963,269,241
6.83,1.02,19.2,16.93,345,963,269,241
6.92,1,19.15,16.88,350,962,264,212
6.35,1.1,19.5,17.2,350,962,264,211
7.97,0.87,18.64,16.42,350,962,264,210
7.43,0.93,18.89,16.64,350,962,263,210
6.87,1.01,19.18,16.91,350,962.5,263.5,210
7.38,0.94,18.91,16.66,350,962,263,210
7.38,0.94,18.91,16.66,350,962,263,210
6.35,1.1,19.5,17.2,351.5,962,262.5,208
6.77,1.03,19.23,16.96,351.5,962,262,207
6.35,1.1,19.5,17.2,351,962,262,207
12.48,3.1,16.44,14.22,351,962,262,207
10.47,3.39,17.17,14.87,299,957,284,269
11.77,3.18,16.66,14.42,299,957,284,269
6.83,1.02,19.2,16.93,340,962,264,217
10.01,0.69,17.98,15.82,340,961,264,217
10.01,0.69,17.98,15.82,370,965,271,263
11.82,0.58,17.6,15.47,370,965,271,262
11.76,0.58,17.61,15.48,374,962,272.5,278
10.88,0.63,17.78,15.63,370,962,273,281
12.82,0.41,16.96,14.89,370,962,273,281
12.63,0.34,16.73,14.68,371,965,276,298
12.63,0.34,16.73,14.68,371,965,276,298
12.63,0.34,16.73,14.68,371,965,276,298
12.36,0.25,16.4,14.38,371,965,275,297
12.28,0.23,16.3,14.29,366,968,273,286
12.23,0.21,16.23,14.23,366,968,273,286
14.27,0.22,14.27,14.27,334,964,286,292
13.08,0.49,17.27,15.18,334,964,286,292
13.07,0.49,17.26,15.17,373,964,273,286.5
13.06,0.49,17.25,15.15,373,964,273,286
13.07,0.49,17.26,15.17,372,964,273,286
13.03,0.53,17.41,15.3,372,964,273,286
13.03,0.53,17.41,15.3,371,964,272,285
11.84,0.58,17.59,15.47,372,964,273,286
12.94,0.53,17.42,15.31,373,964,272,284
13.03,0.53,17.41,15.3,373,964,272,284
12.94,0.53,17.42,15.31,373,964,272,283
13.07,0.49,17.26,15.17,373,964,272,283
12.57,0.32,16.65,14.61,373,964,272,283
12.48,0.29,16.54,14.51,369,967,273,291
14.59,2.36,14.59,12.55,369,967,273,291
14.57,2.35,14.57,12.54,310,962,307,310
16.54,2.32,12.48,12.48,310,962,307,310
18.65,2.35,10.5,12.54,272,959,361,332
18.57,2.32,10.45,12.48,272,959,361,332
18.55,4.35,10.44,10.44,258,957,402,346
10.32,3.41,14.93,14.93,258,957,401,346
1.44,4.93,18.32,20.73,964.5,930.5,230,185
1.55,4.59,18.7,21.15,965,930,230,185
1.53,4.66,18.62,21.06,965,930,229,185
1.53,4.66,18.62,21.06,965,930,229,184
3.92,8.27,16.08,20.94,965,930,229,184
6.26,12.09,13.5,20.73,717,477,238,188
6.4,1.09,17.17,17.17,717,477,238,188
11.84,0.58,15.47,15.47,315,963,302,276
11.84,0.58,15.47,15.47,315,963,302,276
14.33,0.49,15.15,15.15,320,966,305,284
14.19,0.49,15.17,15.17,320,965,305,284
14.91,0.41,14.91,14.91,320,965,305,284
15.02,0.45,15.02,15.02,319,966,305,285
15.03,0.45,15.03,15.03,319,966,305,285
15.02,0.45,15.02,15.02,319,966,305,285
15.02,0.45,15.02,15.02,320,966,305,285
15.02,0.45,15.02,15.02,319,966,305,285
14.8,0.38,14.8,14.8,319,966,305,285
11.82,0.58,15.47,15.47,319,966,305,285
10.01,0.69,15.82,15.82,324,965,295,274
11.84,0.58,15.47,15.47,324,965,295,274
11.84,0.58,15.47,15.47,324,965,295,273.5
14.19,0.49,15.17,15.17,324,965,295,274
12.94,0.53,15.31,15.31,326,966,298,279
17.42,2.64,13.2,13.2,326,966,298,279
17.42,2.64,13.2,13.2,276,960,354,310.5
17.25,2.58,13.06,13.06,276,960,355,311
14.33,0.49,15.15,15.15,367,965,347,344
14.33,0.49,15.15,15.15,368,965,348,345
14.41,0.26,14.41,14.41,370,969,345,344
14.51,0.29,14.51,14.51,370,969,345,344
14.5,0.29,14.5,14.5,370,969,345,344
14.48,0.28,14.48,14.48,370.5,969,344.5,344
14.5,0.29,14.5,14.5,370,969,344,343
14.5,0.29,14.5,14.5,369,969,344,342
16.61,0.31,12.54,14.57,370,969,345,344
16.47,2.3,12.42,12.42,322.5,962,400.5,362.5
16.45,2.29,12.4,12.4,322,962,400,362
14.43,0.27,14.43,14.43,349.5,965,356,346.5
14.43,0.27,14.43,14.43,349,965,356,346
14.43,0.27,14.43,14.43,369,969,341,340.5
14.37,0.25,14.37,14.37,369,969,341,340
14.37,0.25,14.37,14.37,368.5,969,340,339
14.41,0.26,14.41,14.41,367,969,338,336
14.43,0.27,14.43,14.43,367,969,338,336
14.43,0.27,14.43,14.43,367,969,337,335.5
14.37,0.25,14.37,14.37,367,969,338,336
14.37,0.25,14.37,14.37,366.5,969,337,334.5
14.37,0.25,14.37,14.37,366,969,337,334
14.35,0.25,14.35,14.35,365,969,336,333
14.37,0.25,14.37,14.37,364,969,335,332
16.38,0.25,12.35,14.37,335,964,358,340
16.32,0.23,12.29,14.3,335,964,358,339
18.28,2.23,10.25,12.26,298,961,433,357.5
18.33,2.24,10.28,12.29,298,961,432,357
4.19,1.71,16.72,19.22,298,961,432,357
3.92,1.83,17.08,19.62,639,958,310,234
7.07,4.41,17.18,17.18,639,958,309,233
6.76,4.58,14.96,17.55,385.5,946,338,264
7.07,4.41,14.63,17.18,385,946,337,263
9.64,7.33,15.2,15.2,310,701.5,379,310
9.64,7.33,15.2,15.2,310,701,379,310
9.89,7.17,14.96,14.96,364.5,897,346,266.5
9.52,7.4,15.32,15.32,364,897,345,266
3.32,2.17,18.1,20.75,697,957,303,227
3.39,2.12,17.96,20.6,696.5,957,302.5,226.5
3.62,1.98,17.55,20.15,719,958,301.5,226
3.39,2.12,17.96,20.6,718.5,957,301,224.5
2.68,2.69,19.66,22.49,719,957,301,225
3.11,2.31,18.54,21.24,839,955,294,222.5
3.04,2.37,18.7,21.43,841,955,294,222
2.86,2.52,19.17,21.95,840.5,955,293,221
2.75,2.62,19.47,22.28,865,955,291,217
2.68,2.69,19.66,22.49,863,955,291,220
2.75,2.62,19.47,22.28,863,955,292,220
2.68,2.69,19.66,22.49,862,955,290,218.5
2.75,2.62,19.47,22.28,862,955,290,218
2.75,2.62,19.47,22.28,861.5,955,289.5,217
2.75,2.62,19.47,22.28,861,955,289,216
2.59,2.79,19.96,22.82,861,955,289,216
2.86,2.52,19.17,21.95,883,954,287,215
5.74,5.3,19.17,19.17,883,954,287,215
6.02,5.07,15.93,18.65,447,833,310,217
8.86,7.88,16.08,16.08,447,833,310,217
11.16,11.18,13.99,14.01,321,525,328,265.5
10.7,11.69,13.45,14.6,321,525,327,265
16.03,2.93,14.17,13.85,294.5,732,375,255.5
15.21,3.54,9.7,15.21,268,939,423,245
17.12,3.37,10.59,14.82,257,945,428,247
17.12,3.37,10.59,14.82,256,945,427,246
19.41,3.37,10.59,14.82,248,949,437,250
19.67,3.46,10.07,15.04,243,950,448.5,251.5
19.41,3.37,10.59,14.82,239,950.5,461,253
14.21,2.2,14.21,12.21,239,950,461,253
11.72,3.19,18.93,14.43,366,960,273,237.5
12.48,3.1,18.67,14.22,366,960,272,237
11.72,3.19,18.93,14.43,367,960,272,239
9.84,3.51,19.8,15.15,367,960,272,239
9.3,3.63,20.14,15.42,370,959,266.5,230
9.84,3.51,19.8,15.15,370,959,266,230
9.74,3.53,19.86,15.19,368,959,266,228.5
10.88,0.63,17.78,15.63,368,959,266,228
12.72,0.37,16.84,14.78,414,966,275,313
12.63,0.34,16.73,14.68,413,966,275,312
12.72,2.43,16.84,12.72,379,963,284,319
9.25,0.74,18.19,16.01,379,963,283,319
8.55,0.81,18.42,16.22,399,962,268,256.5
10.01,0.69,17.98,15.82,399,962,268,256
14.24,2.93,16.01,13.83,341,958,288,307
14.24,2.93,16.01,13.83,341,958,288,307
4.82,6.36,18.1,18.1,967,881,235,221
1.38,5.13,18.13,15.74,967,881,235,221
1.3,5.43,17.86,15.49,967,881.5,235,220
3.66,9.18,15.49,15.49,967,882,235,221
5.9,13.44,12.93,15.27,786,437,253.5,227
3.69,9.06,15.56,15.56,959,612.5,240,223
3.56,9.59,15.27,15.27,959,610.5,240,223
5.9,13.44,12.93,15.27,959,611,240,223
5.81,13.88,12.78,15.1,628,359,277,232
9.3,3.63,20.14,15.42,628,359,277,232
10.21,0.2,18.21,14.21,449,967,258,287
10.2,0.2,18.2,14.2,449,967,258,287
12.2,2.2,16.2,12.2,372,963,273,296
5.02,13.13,12.03,6.09,722,380,240,440
4.89,10.24,15.31,6.26,914.5,442,218.5,428
4.89,10.24,15.31,6.26,919,444,218,429
4.89,12.91,12.29,6.26,726.5,380.5,240,432.5
4.89,12.91,12.29,6.26,727,380,240,433
0.2,4.21,28.22,10.21,852.5,658.5,217,427
0.2,4.21,28.22,10.21,978,937,194,420
0.21,4.21,28.25,10.22,978,937,194,420
0.21,4.21,28.25,10.22,978,937,194,420
0.21,4.21,28.25,10.22,978,937,194,420.5
0.21,4.21,28.25,10.22,978,937,194,420
0.21,4.21,28.25,10.22,978,937,194,420
2.2,4.21,26.22,10.21,967,929,196,445
2.2,4.21,26.22,10.21,967.5,929,196,445
4.21,6.22,24.24,8.22,967,929,195,445
4.2,6.2,24.2,8.2,945,849,203,497
3.95,6.38,22.21,8.21,945,849,203,497
4.15,7.65,16.59,1.66,866.5,430.5,225,956
4.15,7.65,16.59,1.66,868,430,225,956
4.14,7.45,16.78,1.73,867,430,225,956
4.15,7.65,16.59,1.66,875.5,441,224,955.5
4.07,7.87,16.4,1.6,874,441,224,955
3.81,8.65,15.82,1.41,908,410,228,959
3.81,8.65,15.82,1.41,908,410,228,959.5
5.25,12.61,13.26,1.35,701,329,249,956
5.57,13.16,13.03,1.26,701,329,249,956
2.87,14.95,13.71,0.7,894,251.5,277.5,967
2.81,15.79,13.58,0.66,893,252,277,967
2.76,16.7,13.46,0.62,893,252,277,967
2.81,15.81,13.58,0.66,900,251,278,967
3.13,12.21,14.29,0.9,946,336,240,964
3.37,10.59,14.82,1.07,946,336.5,246.5,947
3.93,8.26,16.09,1.5,956,466,221,960
3.81,8.65,15.82,1.41,956,466,221,960
3.89,8.38,16,1.47,957,499,218,959
3.93,8.26,16.09,1.5,957,499,218,959
3.81,8.65,15.82,1.41,957,499,218,959
3.93,8.26,16.09,1.5,957,499,218,959
3.73,8.93,15.64,1.35,957,496,218.5,959
3.93,8.26,16.09,1.5,957,496,218,959
3.81,8.65,15.82,1.41,957,496,218,959
3.93,8.26,16.09,1.5,957,496,218,959
2.54,2.84,21.99,2.54,957,496,218,959
2.54,2.84,21.99,2.54,959,912,193,791.5
3.03,5.97,18.74,2.38,953,779,197,751.5
3.03,5.97,18.74,2.38,947,644,201,711
1.15,6.1,17.36,1.15,947,644,201,711
1.19,5.91,17.49,1.19,959,449,223,963
3.54,9.7,15.21,1.2,959,448,223,963
5.75,14.19,12.68,1.13,792,297.5,255,958
3.37,10.59,14.82,1.07,792,298,255,958
1.2,5.83,17.55,1.2,962,527,217,963
1.28,5.48,17.82,1.28,962,528,217,963
1.35,5.25,18.02,1.35,961.5,540,217,962
1.35,5.25,18.02,1.35,962,540,217,962
1.26,5.57,17.74,1.26,962,540,217,962
1.26,5.57,17.74,1.26,962,541,217,962
1.35,5.25,18.02,1.35,962,541,217,962
1.32,5.35,17.93,1.32,962,541,217,962
1.26,5.57,17.74,1.26,962,542.5,217,962
1.26,5.57,17.74,1.26,962,544,217,962
3.69,9.06,15.56,1.32,962,544,217,962
5.75,14.19,12.68,3.44,818,321,247,956
2.71,17.76,13.34,0.58,818,321,247,956
2.76,16.7,13.46,0.62,950,251,270,966
2.71,17.76,13.34,0.58,950,251,270,966
2.76,16.7,13.46,0.62,951,252.5,268,965.5
2.81,15.81,13.58,0.66,951,253,268,965
4.96,21.21,11.42,0.66,951,253,268,965
4.9,22.32,11.32,0.62,676,240,356,966
2.71,17.65,13.35,0.58,887,240,295,966
4.77,25.15,11.11,0.54,887,240,295,966
1.8,1.8,26.75,3.97,964,951,189,425.5
1.68,1.68,27.69,4.25,964,951,189,425.5
1.68,1.68,27.69,4.25,964,951,189,410
1.65,1.65,27.94,4.32,964,952,189.5,410
1.65,1.65,27.94,4.32,964,951,189,409.5
1.68,1.68,27.69,4.25,964,952,190,409
1.68,1.68,27.69,4.25,964,952,190,410
1.68,1.68,27.69,4.25,964,952,190,402
1.65,1.65,27.94,4.32,964,952,190,402
1.56,1.56,28.73,4.56,964,952,190,402
4.34,4.34,23.5,7.22,954,795,191,318.5
4.25,4.25,23.95,7.42,954,795,191,319
1.8,4.34,23.5,3.97,961,944.5,189,379
0.88,0.88,32.05,7.86,961,944,189,379
0.49,0.49,29.82,14.33,974,959,199,296
0.49,0.49,29.82,14.33,974,960,199,296
2.64,2.64,27.96,13.19,962,953,202,313
2.7,2.7,28.19,13.32,962,953,201,313
0.58,0.58,30.34,11.89,962,953,201,313
0.53,0.53,30.09,12.94,973,959,199,294
0.34,0.34,29.02,14.68,973,959,199,294
0.22,0.22,28.31,14.27,976,961,199,292
2.28,0.26,26.54,14.41,976,961,199,292
2.32,2.32,26.67,12.47,962,957.5,202.5,317
2.29,2.29,26.56,12.4,962,958,202,317
4.44,2.39,24.92,12.63,892,953,210,348
6.49,2.39,22.87,12.63,892,953,210,348
2.31,3.12,21.23,5.01,892,953,210,348
2.38,3.03,21.47,5.11,905,875,197,412
2.54,2.84,21.99,5.32,906,875,197,412
2.47,2.92,21.75,5.22,906,875,196,412
2.03,3.54,20.3,4.64,906,875,196,412
2.31,3.12,21.23,5.01,903,841,198,434
2.56,2.82,22.06,5.35,903,842,198,434
2.31,3.12,21.23,5.01,903,841,198,434
2.38,3.03,21.47,5.11,903,841,198,434
2.31,3.12,21.23,5.01,902,842,198,434
2.31,3.12,21.23,5.01,896,801,192,434
2.17,3.32,20.75,4.82,902,842,198,434
1.73,4.14,19.29,4.23,902,842,198,434
1.73,4.14,19.29,4.23,928,726,204,503
1.77,4.03,19.44,4.3,926,729,204,500.5
2.61,2.76,22.24,5.41,926,729,204,500
3.71,1.94,25.89,6.88,915,949,192,289
3.47,2.07,25.1,6.56,915,949,191,289
3.54,2.03,25.34,6.65,916,949,192,288
3.47,2.07,25.1,6.56,916,949,192,288
6.56,4.69,22.01,9.65,786,836.5,193,282
6.65,4.64,22.22,9.77,655,722,194,276
6.82,4.29,23.73,10.6,789,935,191,271
6.98,4.46,22.95,10.17,791,935,191,271
1.47,4.84,18.42,3.89,957,567,218.5,659
1.41,5.04,18.22,3.81,957,567,218.5,659
1.32,5.35,17.93,3.69,957,567,219,660
1.84,3.89,19.67,4.39,957,567,218,659
1.77,4.03,19.44,4.3,949,744,205,535
1.73,4.14,19.29,4.23,949,744,205,535
1.77,4.03,19.44,4.3,949,744.5,205,535
1.84,3.89,19.67,4.39,949,745,205,535
2.09,3.44,20.51,4.72,940,878,198,462.5
2.31,3.12,21.23,5.01,940,871,198,465
2.17,3.32,20.75,4.82,940,871,198,465
1.66,4.29,19.08,4.15,940,871,198,465
1.5,4.74,18.52,3.93,955,678,210,605
1.44,4.93,18.32,3.85,955,678,210,605
1.5,4.74,18.52,3.93,955,679,210,605
1.5,4.74,18.52,3.93,955,678,210,605
4.15,7.65,16.59,6.64,668,422,229,491
4.23,7.45,16.78,6.74,669,422,229,491
0.23,0.23,28.38,14.3,971.5,963,200.5,277
0.2,0.2,28.22,14.21,971.5,963,201,277
0.21,0.21,28.24,14.22,972,963,201,277
0.2,0.2,28.22,14.21,972,963,201,277
2.23,0.22,26.31,14.27,959,960,206,296
4.21,0.2,24.22,14.22,959,960,206,296
2.7,0.58,28.22,15.46,959,960,206,296
2.77,0.63,28.48,15.63,964,959,204,275.5
2.77,0.63,28.5,15.63,964,959,204,275
4.92,2.77,26.35,13.49,943,954,205,291
5.01,2.85,26.63,13.66,943,954,205,291
5.11,2.93,26.92,13.83,801,948,206,302
2.23,0.22,26.31,14.27,801,948,206,302
1.17,1.17,6.01,17.42,959,953,434,199
3.66,1.3,5.43,17.86,959,953,434,199
5.84,1.19,5.91,17.49,618,953,474,198
5.81,1.17,6.01,17.42,618,953,474,199
3.42,1.11,6.27,17.25,847,951,453,198
5.84,1.19,5.91,17.49,847,952,454,198
5.93,1.24,5.67,17.67,582,953,508,194
12.62,0.34,2.39,28.99,582,953,508,194
12.23,0.21,2.21,28.26,412,965,943,168
12.2,0.2,2.2,28.2,412,965,943,168
12.2,0.2,2.2,28.2,412.5,965,943,168
12.21,0.2,2.21,28.23,412.5,965,943,168
12.2,0.2,2.2,28.2,413,965,943,169
10.24,0.22,4.23,28.29,418,966,887.5,166.5
10.24,0.22,4.23,28.29,423,967,832,164
10.24,0.22,4.23,28.29,426,967,828.5,164
10.22,0.21,4.21,28.25,429,967,825.5,164
10.25,0.22,4.23,28.31,429,967,825,164
10.24,0.21,4.22,28.28,484,968,760,167
10.25,0.22,4.23,28.31,484,968,760,167
10.23,0.21,4.22,28.26,484,968,760,167
10.28,0.23,4.25,28.38,484,968,760,167
10.32,0.25,4.28,28.46,484,968,760,167
10.28,0.23,4.25,28.38,488,968,753,167
10.28,0.23,4.25,28.38,488,968,753,167
10.28,0.23,4.25,28.38,488,968,753,167
10.28,0.23,4.25,28.38,421,963,938,170
10.33,0.25,4.28,28.48,421,963,938,170
10.28,0.23,4.25,28.38,485,968,754,167
10.28,0.23,4.25,28.38,485,968,754,167
10.31,0.24,4.27,28.44,485,968,754,167
10.28,0.23,4.25,28.38,490,967.5,749,167
10.28,0.23,4.25,28.38,490,968,749,167
10.28,0.23,4.25,28.38,490,968,749,167
10.28,0.23,4.25,28.38,490,968,749,167
10.28,0.23,4.25,28.38,490,968,749,167
10.2,0.2,4.2,28.2,490,968,749,167
10.2,0.2,4.2,28.21,507,969,647,164
8.22,0.21,6.22,28.25,507,969,647,164
10.2,0.2,4.2,28.21,507,969,647,164
8.34,0.26,6.32,28.54,507,969,646,170
8.4,0.29,6.37,28.69,479,967,556.5,157
8.43,0.3,6.4,28.76,479,967,556,157
8.4,0.29,6.37,28.69,479,967,557,157
10.52,0.32,4.4,28.88,479,967,557,157
7.31,26.96,9.49,5.12,545,272,488,710.5
4.2,22.21,10.2,6.2,545,272,488,711
4.63,1.54,28.43,15.06,630,954,198,245.5
4.97,1.43,27.92,15.73,629,954,198,246
7.7,4.13,24.57,14.44,557,916.5,199,256.5
8.11,3.98,25.49,15.06,484.5,877,201,267
0.47,14.77,15.11,6.75,484,877,201,267
0.47,14.77,15.11,6.75,973,283,246,541.5
0.47,14.77,15.11,6.75,973,283,246,542
0.5,13.8,15.21,6.81,973,283,246,541
0.47,14.77,15.11,6.75,973,283,246,541
0.47,14.77,15.11,6.75,973,283,247,542
0.45,15.82,15.02,6.69,973,283,246,542
0.47,14.77,15.11,6.75,973,282.5,246,542
0.47,14.77,15.11,6.75,973,282,246,542
0.44,16.09,15,6.68,973,282,246,542
0.5,13.96,15.19,6.79,973,282,247,542
0.47,14.77,15.11,6.75,973,282.5,246,542
0.62,11.12,15.59,7.03,973,283,246,542
0.66,10.41,15.73,7.12,972.5,354,241,494.5
0.66,10.41,15.73,7.12,972,354,241,495
0.7,9.76,15.88,7.21,972,360.5,241,491
0.62,11.12,15.59,7.03,972,361,241,491
0.66,10.41,15.73,7.12,972,361,241,491
0.61,11.17,15.58,7.03,972,362,241,491
0.75,9.14,16.04,7.3,972,363,241,491
0.66,10.41,15.73,7.12,972,365,240.5,490.5
0.62,11.12,15.59,7.03,972,365,240,491
0.66,10.43,15.72,7.11,972,365,240,490.5
0.62,11.12,15.59,7.03,963,279.5,254,500
0.62,11.07,15.6,7.04,963,279,254,500
0.28,22.56,14.45,6.35,972,285,261,617
0.28,22.56,14.45,6.35,972,285,262,617
0.26,22.47,14.39,6.32,972,285,262,617
0.25,22.43,14.36,6.3,965,282,284,640
0.28,22.56,14.45,6.35,965,282,284,640
2.24,22.33,12.28,6.25,965,282,284,640
4.26,22.36,10.29,6.27,942,277,361,711
1.77,4.03,19.44,9.35,942,277,361,711
3.17,2.27,24.1,9.15,675.5,953,195,234
3.54,2.03,25.34,9.77,676,953,195,234
3.54,2.03,25.34,9.77,673,953,195,233
3.71,1.94,25.89,10.04,672,953,195,233
3.47,2.07,25.1,9.65,672.5,953,195,233
3.78,1.9,26.14,10.17,672,953,195,233
3.78,1.9,26.14,10.17,672,953,195,233
3.63,1.98,25.63,9.91,672,953,196,233
4.63,1.54,28.96,11.58,684.5,954,197,234
4.04,1.77,27.01,10.6,685,954,197,234
4.97,1.43,30.09,12.15,701,955,197,238
5.04,1.41,30.23,12.26,701,955,197,237
4.7,1.51,29.21,11.71,701,955,197,237
4.12,1.74,27.25,14.03,701,956,198,238
4.63,1.54,28.43,15.06,607,949,197,250
4.32,1.65,27.94,14.44,607,949,197,250
1.2,5.83,17.55,5.87,607,949,197,250
1.13,6.19,17.3,5.75,967,680,216,454
1.2,5.83,17.55,5.87,967,680,216,454
1.19,5.91,17.49,5.84,967,680,216,455
1.2,5.83,17.55,5.87,967,680,216,454
1.2,5.83,17.55,5.87,967,680,216,454
1.2,5.83,17.55,5.87,967,674.5,217,456
1.2,5.83,17.55,5.87,967,674,217,456
1.09,6.4,17.17,5.68,957,510,224,438
1.07,6.49,17.12,7.95,956,510,224,438
3.37,10.59,14.82,7.95,728,297,261,439
3.37,10.59,14.82,7.95,728,297,261,439
5.33,0.88,27.59,16.46,728,297,261,439
5.46,0.96,27.99,15.93,819,957,205,263
5.01,0.69,26.63,15.82,819,957,205,263
5.01,0.69,26.63,15.82,902,959,209.5,263
5.01,0.69,26.63,15.82,901,958,209,263
5.01,0.69,26.63,15.82,901,958.5,209,263
5.22,0.81,27.26,16.24,901,958,209,263
5.33,0.88,27.59,16.46,864,957,205,262
5.46,0.96,27.99,15.93,864.5,957.5,205,262
5.01,0.69,26.63,15.82,865,958,206,263
4.83,0.58,26.09,15.46,940,959,210,262
5.01,0.69,26.63,15.82,940,959,210,262
7.17,0.69,24.46,15.82,758.5,956,211,273.5
4.7,1.51,29.21,11.71,758,956,211,274
4.63,1.54,28.96,11.58,723,953,197,242
4.63,1.54,28.96,11.58,723,953,197,242
8.21,3.95,25.71,15.21,603,946,198,265
4.31,0.27,24.54,14.43,603,946,198,265
4.21,0.2,24.22,14.22,956,962,209,278
4.21,0.21,24.24,14.23,956,962,209,278
4.22,0.21,24.26,14.24,956,962,209,278
4.22,0.21,24.27,14.25,878,961,214,289
6.24,0.22,22.29,14.27,878,961,214,289
8.23,2.21,20.25,12.23,582,958,225,313
8.25,0.22,20.29,14.27,582,958,225,313
6.22,0.21,22.25,14.24,716,960,219,300
4.54,0.41,17.72,14.88,716,960,219,300
13.03,0.53,2.64,30.07,377,962,954,172
13.06,0.49,2.58,29.82,377,962,954,172
13.07,0.49,2.59,29.84,384,962,953,172
11.89,0.58,2.7,30.34,384,962,953,171
11.89,0.58,2.7,30.34,388,962,949,171
10.89,0.63,2.77,30.64,388,962,949.5,171
11.89,0.58,2.7,30.34,388,962,950,171
13.03,0.53,2.64,30.07,390,963,951,171
13.06,0.49,2.58,29.82,390,963,951,171
13.04,0.48,2.58,29.8,390,963,951.5,171
13.04,0.48,2.58,29.8,390,963,952,171
12.92,0.44,2.52,29.56,390,963,952,171
12.71,0.37,2.43,29.16,390,964,953,171
12.71,0.37,2.43,29.16,390,964,953,171
13.06,0.49,2.58,29.82,390,964,953,171
13.04,0.48,2.58,29.8,411,963,941,170
13.04,0.48,2.58,29.8,411,963,941,170
13.12,0.53,2.64,30.05,411,963,941,170
14.33,0.49,0.49,29.82,411,963,941,170
15,2.52,0.44,27.48,328,959,964,177
11.43,0.66,4.97,21.11,328,959,964,177
19.03,8.39,3.89,8.73,198,690,955,434
16.01,8.57,3.78,10.97,204,745.5,920,377.5
16.01,8.57,3.78,10.97,204,746,920,377
22.69,4.37,6.41,10.48,204,746,920,377
16.68,8.43,8.25,13.87,272,398,495,313
8.73,19.11,6.65,10.81,272,398,496,313
7.04,10.13,14.75,17.32,477,348,229,238.5
7.04,10.13,14.75,17.32,477,348,229,239
7.04,10.13,14.75,17.32,890,780,209,218
7.04,10.13,14.75,17.32,890,781,209,218
1.75,4.09,19.36,24.39,958,946,252,179
7.15,9.93,14.92,19.38,528,592,262,180
6.67,10.93,14.16,20.97,528,592,262,180
9.29,11.81,11.81,17.28,356,465,282,190
9.29,11.81,11.81,17.28,357,465,281,190
19.03,4.55,10.75,10.75,357,465,281,190
15.73,2.81,15.73,13.58,247,952,314,245
15.88,2.87,14.95,13.71,247,952,314,245
13.71,2.87,14.95,13.71,269,950,307,248
11.49,11.49,5.01,20.14,269,950,307,248
6.64,8.72,8.72,21.16,516,594,506,207
6.7,8.79,8.79,21.29,516,594,506,207
8.79,8.79,6.7,21.29,516,594,506,207
8.66,8.66,6.6,21.06,446,598.5,632,211
7.05,9.19,9.19,22.05,445,599,632,211
5.11,11.65,26.93,5.11,669,460,203,599
5.11,13.84,26.94,2.93,792,465,203,606.5
2.99,13.52,29.36,2.99,912,470,204,614
0.28,28.65,14.46,0.28,979,291,249,973
0.28,28.65,14.46,0.28,979,291,249,973
0.26,28.55,14.41,0.26,979,291,249,973
0.28,28.65,14.46,0.28,979,291,249,973
0.28,28.65,14.46,0.28,979,291,249,973
0.28,28.65,14.46,0.28,979,290,248.5,973
0.25,28.46,14.35,0.25,979,290,248,973
0.27,28.59,14.43,0.27,979,290,248,973
2.26,28.46,12.34,0.25,979,290,248,973
2.26,28.46,12.34,0.25,967,280,253,976
0.88,7.82,16.48,0.88,967,280,253,976
1.79,3.99,19.51,4.32,963,614,242,953
1.79,3.99,19.51,4.32,964,941,227,820
1.62,4.39,18.94,4.1,965,941.5,227.5,856
1.62,4.39,18.94,1.62,967,943,228,892
1.56,4.56,18.73,1.56,967,942,228,891
1.53,4.66,18.62,1.53,968,938,230,940
1.62,4.39,18.94,1.62,968,938,230,940
1.38,5.13,18.13,3.77,968,938,230,940
1.53,4.66,18.62,3.97,958,732,234.5,855
0.55,12.54,15.36,0.55,958,732,235,855
0.59,11.71,15.49,0.59,976,432,261.5,965
0.54,12.66,15.35,0.54,976,432,261,965
0.59,11.71,15.49,0.59,976,431.5,261,965
0.59,11.71,15.49,0.59,976,431,261,965
0.55,12.54,15.36,0.55,976,432,261,965
0.62,11.03,15.61,0.62,976,432,261,965
0.55,12.54,15.36,0.55,976,432,261,965
0.55,12.54,15.36,0.55,976,439.5,261,965
0.55,12.54,15.36,2.67,976,439,261,965
2.58,21.09,13.05,2.58,957,298,300,965
2.67,18.65,13.25,2.67,957,298,300,965
2.58,21.09,13.05,2.58,966,326,278,965.5
0.43,16.58,14.96,2.5,966,326,278,966
0.52,13.34,15.26,0.52,978,375,266,966
0.46,15.29,15.06,2.54,978,375,266,966
0.45,15.55,15.04,0.45,978,375,266,966
0.43,16.58,14.96,2.5,978,364,269,966
0.43,16.58,14.96,2.5,978,363,269,966
0.43,16.58,14.96,2.5,978,361,269,966
0.43,16.58,14.96,2.5,978,361,269,966
0.48,14.36,15.15,0.48,978,362,269,966
2.49,24.49,12.86,0.42,978,362,269,966
2.43,28.45,12.71,0.37,958,285,310,967
2.46,26.06,12.8,0.4,958,285,310,967
2.43,28.45,12.71,0.37,967,295,285,967
1.32,5.35,17.93,1.32,967,295,285,967
1.26,5.57,17.74,1.26,969,858,236,952
3.49,9.94,15.1,3.49,961,605,243,944
3.59,9.49,15.32,3.59,961,606,243,944
3.42,10.29,14.94,3.42,948,455,257,925
0.35,21.34,14.71,2.4,947,455,256,925
0.22,26.29,14.26,2.22,979,294,253,966
0.21,26.25,14.23,2.21,979,294,253,966
0.22,26.29,14.26,2.22,979,294,253,966
0.22,26.29,14.26,2.22,979,294,253,966
0.21,26.25,14.23,2.21,979,294,253,966
0.35,21.34,14.71,2.4,979,294,253,966
0.38,19.35,14.79,2.44,979,326,274,963.5
0.38,19.35,14.79,2.44,979,326,274,963
0.38,19.35,14.79,2.44,979,326,274,963
0.38,19.35,14.79,2.44,978,326,274,963
0.35,21.34,14.71,2.4,979,325,275,963.5
0.35,21.34,14.71,2.4,979,325,275,963
0.36,20.75,14.73,2.41,979,325,275,963.5
0.35,21.34,14.71,2.4,979,325,275,963.5
0.38,19.35,14.79,2.44,979,325,275,963.5
0.35,21.34,14.71,2.4,979,325,275,964
0.35,21.34,14.71,2.4,979,325.5,275,963.5
0.38,19.35,14.79,2.44,979,326,275,964
0.35,21.34,14.71,2.4,979,326,275,963
0.35,21.34,14.71,2.4,979,326,275,963
2.4,27.01,12.66,2.4,979,326,275,963
2.37,26.88,12.58,2.37,960,287,309,966
1.86,3.86,19.72,4.41,960,287,309,966
1.97,3.64,20.1,4.56,961,943,228,730
1.97,3.64,20.1,4.56,961,943,228,730
1.79,3.99,19.51,4.32,961,943,228,731
4.41,7.08,17.17,4.41,954,814,232,645
1.91,3.76,19.89,4.48,964,943,229,816
1.97,3.64,20.1,4.56,964,943,229,816
1.79,3.99,19.51,1.79,964,943,229,816
1.79,3.99,19.51,1.79,967,944,230,876
1.68,4.24,19.15,1.68,967,944,230,876
1.62,4.39,18.94,1.62,967,941,232,919
1.68,4.24,19.15,1.68,967,941,231,919
1.68,4.24,19.15,1.68,967,941,231,919
3.85,8.51,15.91,3.85,952.5,755.5,237.5,830.5
3.85,8.51,15.91,3.85,938,570.5,244,742
6.31,11.93,13.58,3.89,814,442,258,721
6.17,12.41,13.35,3.77,814,442,258,721
1.3,5.43,17.86,3.66,814,442,258,721
1.3,5.43,17.86,3.66,968,805,238,948
3.49,9.94,15.1,3.49,968,805,238,948
3.49,9.94,15.1,3.49,906,415,265,878
0.25,26.45,14.35,2.26,906,415,265,878
0.26,26.51,14.39,2.28,976,293,317.5,964
0.26,26.51,14.39,2.28,976,293,317,964
0.26,26.51,14.39,2.28,976,293,317,964
2.34,26.74,12.51,2.34,967,288,349,967
0.44,27.46,14.99,2.51,967,288,349,967
2.07,25.1,6.56,3.47,962,298,305.5,959
2.07,25.1,6.56,3.47,962,298,305,959
2.12,24.84,6.46,3.39,962,298,305,959
2.07,25.1,6.56,3.47,962,298,305,959
2.07,25.1,6.56,3.47,962,298,305,959
1.98,25.63,6.77,3.63,962,298,305,959
1.34,31.05,8.94,3.73,968,294,290,951
1.13,28.87,14.15,5.76,968,294,290,951
1.24,31.76,9.48,3.59,968,294,290,951
1.15,31.24,10.08,3.46,963,292,304,959
1.24,31.76,9.48,3.59,963,292,304,959
3.7,27.59,5.33,1.32,958,291,324,963
3.57,28.8,5.73,1.23,958,292,324,963
11.03,15.61,4.9,0.62,391.5,363,696.5,966
10.36,15.74,4.97,0.66,393,363,695.5,966
10.36,15.74,2.82,0.66,399,362.5,897.5,965
8.69,16.17,2.99,0.79,399,363,897,965
12.54,15.36,2.67,0.55,338,376,874,967
12.54,15.36,2.67,0.55,338,375,874,967
13.34,15.26,4.73,0.52,338,375,874,967
12.54,15.36,4.78,0.55,346,373,790,966
11.71,15.49,4.84,0.59,346,372.5,790,966
3.32,20.75,10.13,2.17,346,373,790,966
1.34,27.54,16.31,5.25,966,302,273,666
1.23,26.99,17.26,5.73,966,302,274,666
1.34,29.92,12.62,5.25,962,299,283,728
5.04,18.22,8.61,1.41,962,299,283,728
5.04,18.22,8.61,1.41,904,315.5,304,962
5.35,17.93,8.44,1.32,904,315.5,304,962
5.35,17.93,8.44,1.32,904,315.5,304,962
2.92,21.75,13.49,2.47,960,306,256,758
2.84,21.99,13.65,2.54,960,306,256,758
2.92,21.75,10.73,2.47,952.5,305,268.5,646
2.92,21.75,10.73,2.47,952,305,268,646
2.74,22.32,13.88,2.63,960,306,256,757
2.74,22.32,13.88,2.63,960,306,256,757
2.84,21.99,13.65,2.54,960,306,256,756
2.07,25.1,15.83,3.47,960,306,256,756
2.27,24.1,15.13,3.17,962,307,259,621
2.12,24.84,15.65,3.39,962,307,259,621
2.12,24.84,15.65,3.39,963,307,259,562
2.12,24.84,15.65,3.39,963,307,259,562
1.8,26.75,16.99,3.97,963,307,259,562
1.94,25.89,16.38,3.71,964,307,259.5,533
1.68,26.61,17.65,4.25,964,307,260,533
1.8,26.75,16.99,3.97,964,307,259,533
1.8,26.75,16.99,3.97,964,307,259,533
1.8,26.75,16.99,3.97,964,307,260,522
1.8,26.75,16.99,3.97,964,307,260,522
1.8,26.75,16.99,3.97,964,307,260,521
1.8,26.75,16.99,3.97,964,307,260,522
1.8,26.75,16.99,3.97,964,307,260,522
1.8,26.75,16.99,3.97,964,307,260,522
1.8,26.75,16.99,3.97,964,307,260,522
1.8,26.75,13.73,3.97,964,307,260,522
4.22,24.12,10.82,6.72,953,303,288.5,679.5
0.31,22.7,14.56,6.41,953,303,289,679
0.2,22.21,14.21,6.2,976,318,305,619
0.2,22.21,14.21,6.2,976,318,305,619
0.2,22.2,14.2,6.2,976,319,304,613
0.2,22.2,14.2,6.2,976,319,304,613
0.2,22.2,14.2,6.2,976,319,304,613
0.2,22.2,14.2,6.2,976,319,304.5,613.5
0.2,22.2,14.2,6.2,976,319,305,614
0.2,22.2,14.2,6.2,976,319,305,614
0.2,22.2,14.2,6.2,976,319,304,614
0.2,22.21,14.21,6.2,976,319.5,304,614
0.2,22.2,14.2,6.2,976,319,305,614
0.2,22.21,14.21,6.2,976,319,305,614
0.2,22.2,14.2,6.2,976,320,305,614
0.2,22.2,14.2,6.2,976,320,304.5,614
0.2,22.2,14.2,6.2,976,320,305,614
2.2,22.21,12.21,6.2,967,313,322,658.5
0.2,22.21,14.21,6.2,976,319,303,619
0.2,22.2,14.2,6.2,976,319,303,619
0.2,22.21,14.21,6.2,976,319,303,619
0.2,22.21,14.21,6.2,976,321,303,603
0.21,22.24,14.23,6.22,976,321,303,603
0.2,22.21,14.21,6.2,976,321,303,602
0.2,22.21,14.21,6.2,976,321,303,602
0.2,22.22,14.21,6.21,976,321,302.5,602
0.2,22.22,14.21,6.21,976,321,303,602
0.2,22.22,14.21,6.21,976,321,303,602
0.21,22.24,14.23,6.22,976,321,303,602
0.21,22.24,14.23,6.22,976,321,303,602
0.2,22.22,14.21,6.21,976,321,303,602
0.21,22.23,14.22,6.21,976,321,303,602
0.21,22.24,14.23,6.22,976,321,303,602
0.2,22.21,14.21,6.2,976,321,303,602
0.2,22.22,14.21,6.21,976,321,303,602
2.2,22.21,12.21,6.2,967,314,324,647
0.2,22.21,14.21,6.2,967,314,324,647
0.2,22.2,14.2,6.2,976,321,302,607
0.2,22.22,14.21,6.21,976,321,302,607
0.2,22.2,14.2,6.2,976,321,302,607
0.2,22.21,14.21,6.2,976,321,302,607
0.21,22.24,14.23,6.22,976,321,302,607
0.25,22.42,14.35,6.29,976,325,291,565
0.25,22.42,14.35,6.29,976,325,292,565
2.24,22.32,12.28,6.25,960,310,351,640
2.22,22.28,12.25,6.23,961,310,352,640
4.23,22.28,10.24,6.23,951,307,389,677
4.21,22.23,10.22,6.21,951,307,389,677
6.2,22.2,8.2,6.2,706,307,501,775
6.2,22.2,8.2,6.2,706,307,501,775
5.01,0.69,26.63,15.82,956,961,230.5,319
4.62,0.45,25.45,15.03,957,961,231,319
2.2,0.2,26.21,14.21,957,961,231,319
2.25,0.24,26.41,14.33,961,965,253,271
2.26,0.25,26.45,14.35,961,965,253,271
2.27,0.25,26.48,14.38,961,965,253,271
0.29,0.29,28.73,14.51,961,965,253,271
0.29,0.29,28.7,14.5,969,968.5,229.5,319
0.32,0.32,28.87,14.59,969,968,230,319
0.32,0.32,28.87,14.59,970,967,229,323.5
2.39,0.34,26.97,14.68,970,967,229,323
2.36,0.32,26.85,14.61,965,962,229,330
2.43,0.37,27.13,14.78,965,962,229,330
4.49,2.43,25.07,12.72,952,959,230,327
4.44,2.39,24.92,12.63,963,961,229,332
2.43,0.37,27.13,14.78,963,961,229,332
0.58,0.58,11.79,15.48,963,961,230,332
0.62,0.62,11.07,15.6,974,963,476,237
0.62,0.62,11.07,15.6,974,963,476,237.5
0.62,0.62,11.07,15.6,974,963,476,237
0.66,0.66,10.39,15.73,963,963,506,233
0.66,0.66,10.39,15.73,963,963,506,233
0.66,0.66,10.39,15.73,974,962.5,489,235
0.66,0.66,10.39,15.73,974,963,489,235
0.66,0.66,10.39,15.73,974,963,476,237
0.66,0.66,10.39,15.73,974,963,476,237
0.66,0.66,10.39,15.73,974,963,476,236.5
2.87,0.7,9.76,15.88,962,962,514,232
2.87,0.7,9.76,15.88,962,963,515,232
0.66,0.66,10.39,15.73,974,962,494,234
0.66,0.66,10.39,15.73,974,962,494,234
0.66,0.66,10.39,15.73,974,962,494,234
0.66,0.66,10.39,15.73,974,962,494,234
0.62,0.62,11.03,15.61,974,962,494,234
0.66,0.66,10.39,15.73,974,962.5,479,236
0.66,0.66,10.39,15.73,974,962,479,236
0.66,0.66,10.39,15.73,974,962,479,236
0.66,0.66,10.39,15.73,974,962,489,235
0.66,0.66,10.39,15.73,974,962,489,235
2.81,0.66,10.39,15.73,974,962,489,235
2.87,0.7,9.76,15.88,956,962,572,226
2.87,0.7,9.76,15.88,956,962,571,226
2.93,0.75,9.19,16.02,954,962,583,224
2.99,0.8,8.65,16.18,954,962,583,224
3.06,0.84,8.18,16.34,955,962,577.5,223
3.06,0.84,8.18,16.34,955,962,577,223
0.75,0.75,9.19,16.02,955,962,577,223
0.75,0.75,9.19,16.02,973,962,531,229
2.93,0.75,9.19,16.02,960,962,578,225
2.87,0.7,9.76,15.88,960,962,578,225
1.26,1.26,5.57,17.74,961,959,787,208
1.26,1.26,5.57,17.74,961,959,779,209
1.01,1.01,6.89,16.89,964.5,959.5,725.5,212
1,1,6.96,16.86,969,960,672,215
1.13,1.13,6.19,17.3,968.5,960,691,213.5
1.06,1.06,6.57,17.07,968,960,711,212
1.06,1.06,6.57,17.07,968,960,710,212
1.13,1.13,6.19,17.3,968,960,711,212
1.13,1.13,6.19,17.3,957,960,741,212
1.13,1.13,6.19,17.3,957,960,741,212
1.41,1.41,5.04,18.22,957,960,741,212
1.28,1.28,5.48,17.82,958,959,825,206
3.73,1.35,5.25,18.02,946,960,817,208
3.62,1.26,5.57,17.74,945,960,817,208
0.29,0.29,28.72,14.5,977,964,279,247
0.29,0.29,28.72,14.5,977,964,279,247
0.28,0.28,28.65,14.46,977,964,279,247
0.28,0.28,28.65,14.46,977,964,279,247
0.28,0.28,28.65,14.46,977,964,279,247
0.26,0.26,28.55,14.41,977,964,278,247
0.28,0.28,28.65,14.46,977,964,278,247
0.29,0.29,28.72,14.5,977,964,278,246
0.25,0.25,28.5,14.38,977,964,278,246
0.29,0.29,28.72,14.5,977,964,278,246.5
0.26,0.26,28.55,14.41,977,964.5,279,247
0.26,0.26,28.55,14.41,968,964,268,260
0.25,0.25,28.5,14.38,976,964,271,243
0.26,0.26,28.55,14.41,976,964,272,243
2.28,0.26,26.53,14.41,976,964,272,243
2.28,0.26,26.53,14.41,961,963,273,265
0.38,0.38,29.22,14.8,961,963,273,265
0.41,0.41,29.4,14.91,976,965,226,325
0.37,0.37,29.19,14.78,976,965,226,325
2.43,0.37,27.13,14.78,967,962,226.5,330.5
0.41,0.41,29.38,14.89,974,965,227,325
0.41,0.41,29.38,14.89,974,965,227,325
0.25,0.25,28.48,14.37,974,965,227,325
0.22,0.22,28.33,14.28,978,968,228,299
0.22,0.22,28.33,14.28,968,964,228,291
0.24,0.24,28.4,14.32,968,964,228,291
0.24,0.24,28.4,14.32,978,968,228,302.5
0.21,0.21,28.26,14.24,978,968,228,303
0.2,0.2,28.2,14.2,976,969,233,250
0.2,0.2,28.2,14.2,976,969,233,250
2.2,0.2,26.22,14.21,968,965,231,238
0.35,0.35,29.05,14.7,968,965,231,238
0.34,0.34,29.02,14.68,978,967,227,324
0.32,0.32,28.87,14.59,978,967,227,324
0.32,0.32,28.87,14.59,978,967,226,324
0.32,0.32,28.87,14.59,978,967,227,324
2.39,0.34,26.97,14.68,978,967,227,324
2.43,0.37,27.13,14.78,964,961,228,337
1.11,1.11,33.36,6.29,964,961,228,337
1.1,1.1,33.3,6.35,964,959,227,284
1.39,1.39,30.54,5.1,964,959,227,284
1.27,1.27,31.96,5.53,964,958,227,286
1.27,1.27,31.96,5.53,964,958,227,286
1.49,1.49,29.43,4.77,964,958,227,286
1.29,1.29,31.75,5.46,964,958,227,288
1.31,1.31,31.53,5.4,964,958,227,288
1.27,1.27,31.96,5.53,964,958,227,288
1.37,1.37,30.78,5.17,964,958,227,288
1.37,1.37,30.78,5.17,964,958,226.5,288
0.95,0.95,32.45,7.3,964,958,226,288
0.81,0.81,31.64,8.53,965.5,959.5,226,299.5
0.81,0.81,31.64,8.53,967,961,226,311
3.1,3.1,29.82,12.42,962,958,225.5,314
3.1,3.1,29.79,12.48,957,956,227,314
3.1,3.1,29.79,12.48,957,956,227,314
5.44,3.19,27.92,14.43,957,956,227,314
5.32,5.32,27.56,11.99,837,948,230,342
2.23,2.23,26.32,12.27,837,948,230,342
1.5,3.93,8.26,16.09,963,952,540,213
1.35,3.73,8.93,15.64,963,952,541,213
1.41,3.81,8.65,15.82,963,952,540,213
1.35,3.73,8.93,15.64,963,952,540,213
1.5,3.93,8.26,16.09,963,952,540.5,213
1.35,3.73,8.93,15.64,963,952,541,213
1.41,3.81,8.65,15.82,963.5,952,542.5,212
1.35,3.73,8.93,15.64,963,952,542,212
1.41,3.81,8.65,15.82,963,952,543,212
1.44,3.85,8.51,15.91,963,952,543,212
1.41,3.81,8.65,15.82,964,952,530,214
1.41,3.81,8.65,15.82,964,952,530,214
1.35,3.73,8.93,15.64,964,952,524.5,214
1.41,3.81,8.65,15.82,964,952,525,214
3.73,3.73,8.93,15.64,964,952,525,214
3.73,3.73,8.93,15.64,741,949,611,210
12,0.57,2.7,30.31,741,949,611,210
13.16,0.52,2.63,30.01,418,965,956,191
13.17,0.52,2.63,30.03,418,965,956,191
13.16,0.52,2.63,30.01,418,965,956,190.5
13.16,0.52,2.63,30.01,419,966,956,190
13.16,0.52,2.63,30.01,419,965,956,190
13.16,0.52,2.63,30.01,419,965,956,190.5
13.16,0.52,2.63,30.01,419,965,956,190
13.02,0.47,2.57,29.76,419,965,956,190
13.16,0.52,2.63,30.01,419,965,956,190
13.16,0.52,2.63,30.01,374,961,962,191.5
13.02,0.47,2.57,29.76,374,961,962,191
13.02,0.47,2.57,29.76,418,966,956,189
13.02,0.47,2.57,29.76,418,966,956,190
15.27,2.63,0.52,27.91,344,960,967,195
15.13,2.57,0.48,27.69,344,960,967,194
2.63,2.74,5.58,19.5,832,957,788,190
2.63,2.74,5.58,19.5,832,957,789,190
2.63,2.74,5.58,19.5,831.5,957,789,190
2.63,2.74,5.58,19.5,832,957,789,190
3.09,2.33,5.04,20.88,763,957.5,826.5,189
3.09,2.33,5.04,20.88,694,958,864,188
3.31,2.17,4.83,21.54,486,955,945,189
3.09,2.33,5.04,20.88,486,955,945,189
6.46,3.39,2.12,24.84,403.5,953,952.5,191
6.35,3.31,2.17,24.58,321,951,960,193
6.35,3.31,2.17,24.58,402.5,953,953,190
6.35,3.31,2.17,24.58,403,953,953,190
3.63,1.98,4.57,22.49,592,957,913.5,188
3.09,2.33,5.04,20.88,592,957,914,188
3.09,2.33,5.04,20.88,662,958,879,187
3.39,2.12,4.76,21.78,662,958,879,187
3.31,2.17,4.83,21.54,616,958,903,187
3.31,2.17,4.83,21.54,616,958,903,187
3.63,1.98,4.57,22.49,616,958,903,187
3.39,2.12,4.76,21.78,616,958,903,187
3.55,2.02,4.63,22.26,438,955,950,189
3.63,1.98,4.57,22.49,438,955,950,189
1.26,3.62,9.37,15.39,438,955,950,189
1.19,3.51,9.82,15.16,966,952,470,220
1.13,3.44,10.19,14.99,966,952,470,219
1.13,3.44,10.19,14.99,966,952,462,221
1.2,3.54,9.7,15.21,966,952,462,221
1.06,3.35,10.69,14.79,953,952,483,219
3.09,2.33,5.04,20.88,953,952,483,219
3.09,2.33,5.04,20.88,654,958,883,186
3.39,2.12,4.76,21.78,655,958,883,186
3.31,2.17,4.83,21.54,634,958,894,186
3.31,2.17,4.83,21.54,634,958,894,186
3.39,2.12,4.76,21.78,461,955,948,188
1.26,3.62,9.37,15.39,461,955,948,188
0.75,2.93,14.19,13.84,971,954,362,241
0.75,2.93,14.19,13.84,971,954,362,241
